Unique ID,Country,Age,Annual Family Income ($),Gender,Time spent watching videos/TV,Time spent playing indoor sports,Time spent playing outdoor sports,Total Time spent working in front of a screen,Sleeping hours,IQ,Whether parents have specs,English speaker,Migrated within country,Migrated overseas,Marital Status,Has Diabetes,Education Status,Has Gym Subscription,Has OTT subscription,Number of friends,Likes spicy food,Likes desserts,Wants to change career,Has debt,Has kids,Drinks alcohol,Smoker,Wear Specs
C001,USA,28,75000,Male,2.5,1,1.5,6,7,110,Yes,Yes,No,,0,No,Bachelor's Degree,Yes,Yes,12,Yes,Yes,No,Yes,,Yes,No,Yes
C002,India,35,,Female,1,2,,8,6.5,105,No,Yes,Yes,No,1,Yes,Master's Degree,No,Yes,8,No,Yes,Yes,Yes,Yes,No,No,No
C003,UK,,40000,Male,3,1,2,4,8,,Yes,Yes,No,Yes,0,No,Undergraduate Student,,No,15,Yes,No,No,No,No,Yes,Yes,Yes
C004,Canada,45,95000,Female,1.5,0.5,0,9,,100,,Yes,Yes,No,1,Yes,PhD,No,,5,No,Yes,No,Yes,Yes,No,No,No
C005,Germany,30,62000,,2,,1,7,7.5,108,Yes,No,No,No,2,No,Bachelor's Degree,Yes,No,,Yes,Yes,Yes,No,Yes,Yes,Yes,Yes
C006,Brazil,26,52000,Female,2,1.5,2,5.5,7.5,115,No,No,Yes,No,0,No,Diploma,Yes,Yes,10,Yes,No,No,Yes,No,Yes,No,No
C007,Japan,38,88000,Male,1,0.5,1,10,6,102,Yes,Yes,No,No,1,No,Master's Degree,No,Yes,6,No,Yes,Yes,No,Yes,No,No,Yes
C002,India,35,,Female,1,2,,8,6.5,105,No,Yes,Yes,No,1,Yes,Master's Degree,No,Yes,8,No,Yes,Yes,Yes,Yes,No,No,No
C004,Canada,45,95000,Female,1.5,0.5,0,9,,100,,Yes,Yes,No,1,Yes,PhD,No,,5,No,Yes,No,Yes,Yes,No,No,No
C008,France,,70000,Male,2,2,1.5,,6,109,Yes,Yes,,No,2,No,Bachelor's Degree,Yes,Yes,14,Yes,No,No,,No,Yes,No,Yes
